Nom_Principal_Activitat;Nom_Sector_Activitat;Nom_Grup_Activitat;X_UTM_ETRS89;Y_UTM_ETRS89
Actiu;Serveis;"Restaurants, bars i hotels (Inclòs hostals, pensions i fondes)";431541.293219293;4581612.36983244
Actiu;Serveis;Altres;431534.944079974;4581605.05621092
Actiu;Comerç al detall;Equipament personal;431530.294530654;4581611.46816943
Actiu;Serveis;Activitats immobiliàries;431578.730286033;4581539.06202525
Actiu;Serveis;"Restaurants, bars i hotels (Inclòs hostals, pensions i fondes)";431576.549071122;4581533.72006862
Sense activitat Econòmica;Locals buits en venda i lloguer;Grup no definit;431582.277148191;4581546.51394803
Actiu;Comerç al detall;Quotidià alimentari;431584.794819791;4581551.85272967
Sense activitat Econòmica;Locals buits en venda i lloguer;Grup no definit;431601.411248845;4581577.61540535
Actiu;Serveis;Altres;431598.343509455;4581573.39897665
Actiu;Serveis;Altres;431595.28525636;4581570.18782027
Actiu;Altres;Altres;431602.560013528;4581580.50928254
Actiu;Comerç al detall;Equipament personal;431607.209198983;4581585.93964682
Actiu;Altres;Altres;431561.712285858;4581530.17326606
Actiu;Serveis;Altres;431563.658708417;4581534.4002698
Actiu;Comerç al detall;Quotidià alimentari;431566.864987006;4581541.40851331
Actiu;Serveis;"Restaurants, bars i hotels (Inclòs hostals, pensions i fondes)";431574.720056352;4581530.05042492
Actiu;Comerç al detall;Quotidià alimentari;431574.738423427;4581555.74629263
Actiu;Serveis;Altres;431583.018229432;4581565.61135685
Actiu;Comerç al detall;Equipament personal;431718.462674872;4581824.5286299
Sense activitat Econòmica;Locals buits en venda i lloguer;Grup no definit;431793.984787408;4581758.46234055
Actiu;Serveis;"Restaurants, bars i hotels (Inclòs hostals, pensions i fondes)";431723.455900374;4581818.89574595
Actiu;Comerç al detall;Altres;431711.689010112;4581807.8347531
Sense activitat Econòmica;Locals buits en venda i lloguer;Grup no definit;431719.24869188;4581800.83712407
Actiu;Comerç al detall;Equipament personal;431703.683235288;4581756.16594577
Actiu;Serveis;Altres;431590.414830644;4581790.76877221
Actiu;Altres;Altres;431662.904634501;4581688.64400217
Actiu;Comerç al detall;Equipament personal;431656.98583372;4581691.26935164
Actiu;Comerç al detall;Parament de la llar;431659.981318181;4581699.73176112
Sense activitat Econòmica;Locals buits en lloguer;Grup no definit;431650.17842431;4581635.36178861
Sense activitat Econòmica;Locals buits en lloguer;Grup no definit;431653.036525536;4581641.14438145
Actiu;Serveis;"Restaurants, bars i hotels (Inclòs hostals, pensions i fondes)";431676.382711116;4581667.06669324
Sense activitat Econòmica;Locals buits en venda i lloguer;Grup no definit;431658.405883255;4581651.59534258
Actiu;Comerç al detall;Quotidià alimentari;431579.879885049;4581981.45696809
Actiu;Comerç al detall;Parament de la llar;431511.15075925;4581757.33173467
Actiu;Altres;Altres;431467.746587004;4581792.3748583
Actiu;Altres;Altres;431517.396617616;4581741.85553399
Actiu;Serveis;"Restaurants, bars i hotels (Inclòs hostals, pensions i fondes)";431537.630383114;4581735.07291057
Actiu;Serveis;"Restaurants, bars i hotels (Inclòs hostals, pensions i fondes)";431543.426428617;4581731.33145497
Actiu;Serveis;Ensenyament;431533.543968471;4581729.86066179
Actiu;Serveis;Altres;431553.779892986;4581723.30156414
Actiu;Altres;Altres;431556.786396071;4581721.03872066
Actiu;Serveis;Altres;431552.474683961;4581715.71689512
Actiu;Serveis;Altres;431560.085628107;4581718.22418977
Actiu;Serveis;"Restaurants, bars i hotels (Inclòs hostals, pensions i fondes)";431567.849856337;4581705.07017399
Sense activitat Econòmica;Locals buits en venda i lloguer;Grup no definit;431567.927926576;4581713.33660126
Actiu;Serveis;"Restaurants, bars i hotels (Inclòs hostals, pensions i fondes)";431459.861445997;4581788.65105312
Sense activitat Econòmica;Locals buits en lloguer;Grup no definit;431574.502713679;4581708.91742812
Actiu;Comerç al detall;Equipament personal;431470.968829843;4581789.21627037
Actiu;Comerç al detall;Equipament personal;431473.743638316;4581786.17361
Sense activitat Econòmica;Locals buits en venda i lloguer;Grup no definit;431470.206285006;4581779.72745313
Actiu;Comerç al detall;Oci i cultura;431466.214939342;4581784.5690661
Actiu;Comerç al detall;Equipament personal;431480.758345883;4581780.85652129
Actiu;Comerç al detall;Equipament personal;431486.990143945;4581775.77023143
Actiu;Comerç al detall;Equipament personal;431475.332688025;4581776.32735819
Actiu;Serveis;"Restaurants, bars i hotels (Inclòs hostals, pensions i fondes)";431485.783266285;4581766.73250354
Actiu;Altres;Altres;431482.00355715;4581770.23143938
Actiu;Comerç al detall;Equipament personal;431493.691906345;4581761.07178093
Actiu;Serveis;Equipaments culturals i recreatius;431489.575736814;4581764.5740048
Sense activitat Econòmica;Locals buits en venda i lloguer;Grup no definit;431490.988902247;4581771.71064364
Actiu;Comerç al detall;Parament de la llar;431496.348017039;4581769.20214145
Actiu;Serveis;Equipaments culturals i recreatius;431435.423054512;4581777.71037507
Actiu;Serveis;"Restaurants, bars i hotels (Inclòs hostals, pensions i fondes)";431452.389712498;4581804.92087777
Actiu;Comerç al detall;Altres;431457.24621138;4581808.56162991
Actiu;Serveis;"Restaurants, bars i hotels (Inclòs hostals, pensions i fondes)";431462.558676904;4581812.98004461
Actiu;Serveis;Equipaments culturals i recreatius;431474.760870883;4581822.58405179
Sense activitat Econòmica;Locals buits en venda i lloguer;Grup no definit;431466.515136325;4581804.45206378
Actiu;Comerç al detall;Equipament personal;431461.65969599;4581800.92298997
Actiu;Altres;Altres;431481.534165018;4581827.32396998
Actiu;Serveis;"Restaurants, bars i hotels (Inclòs hostals, pensions i fondes)";431488.519017805;4581830.721005
Actiu;Comerç al detall;Equipament personal;431473.177384813;4581809.30460829
Actiu;Serveis;"Restaurants, bars i hotels (Inclòs hostals, pensions i fondes)";431505.899423841;4581640.74605067
Actiu;Serveis;Ensenyament;431495.87320367;4581624.08288985
Actiu;Comerç al detall;Equipament personal;431716.549213671;4581704.78440137
Sense activitat Econòmica;Locals buits en lloguer;Grup no definit;431732.364578987;4581740.83235281
Sense activitat Econòmica;Locals buits en lloguer;Grup no definit;431718.257458559;4581731.3574519
Actiu;Comerç al detall;Equipament personal;431722.366895448;4581739.02741671
Sense activitat Econòmica;Locals buits en lloguer;Grup no definit;431737.283151923;4581751.06422839
Actiu;Comerç al detall;Equipament personal;431725.601352578;4581749.05165456
Actiu;Comerç al detall;Quotidià alimentari;431661.329775194;4581735.69263563
Actiu;Serveis;Altres;431630.758002506;4581728.3841501
Actiu;Comerç al detall;Quotidià no alimentari;431641.805204218;4581758.22057527
Actiu;Comerç al detall;Quotidià alimentari;431644.431641019;4581763.22315651
Actiu;Serveis;"Restaurants, bars i hotels (Inclòs hostals, pensions i fondes)";431664.537979935;4581742.92406924
Actiu;Serveis;"Restaurants, bars i hotels (Inclòs hostals, pensions i fondes)";431646.385331616;4581768.23197403
Actiu;Comerç al detall;Equipament personal;431668.421112881;4581750.37263912
Actiu;Serveis;"Restaurants, bars i hotels (Inclòs hostals, pensions i fondes)";431649.242415829;4581773.90276968
Actiu;Serveis;"Restaurants, bars i hotels (Inclòs hostals, pensions i fondes)";431671.26862073;4581755.03795063
Actiu;Serveis;"Restaurants, bars i hotels (Inclòs hostals, pensions i fondes)";431652.347893593;4581782.14063912
Actiu;Comerç al detall;Quotidià alimentari;431658.398404432;4581793.47873054
Actiu;Serveis;"Restaurants, bars i hotels (Inclòs hostals, pensions i fondes)";431673.333366256;4581759.93414435
Actiu;Serveis;"Restaurants, bars i hotels (Inclòs hostals, pensions i fondes)";431665.108994221;4581803.47015745
Actiu;Comerç al detall;Equipament personal;431667.282693266;4581808.03012777
Actiu;Comerç al detall;Equipament personal;431669.564297494;4581812.14208139
Actiu;Comerç al detall;Altres;431676.551029114;4581768.17096562
Actiu;Comerç al detall;Equipament personal;431673.820920136;4581764.06312814
Actiu;Serveis;"Restaurants, bars i hotels (Inclòs hostals, pensions i fondes)";431671.296873463;4581817.48818487
Actiu;Comerç al detall;Equipament personal;431648.628067987;4581708.77639942
Actiu;Comerç al detall;Equipament personal;431646.015231508;4581705.22604882
Actiu;Serveis;"Restaurants, bars i hotels (Inclòs hostals, pensions i fondes)";431679.064260616;4581773.06282092
Actiu;Comerç al detall;Equipament personal;431675.980620203;4581826.60484702
Sense activitat Econòmica;Locals buits en venda i lloguer;Grup no definit;431681.581786705;4581778.40163626
Actiu;Serveis;"Restaurants, bars i hotels (Inclòs hostals, pensions i fondes)";431690.487735755;4581854.73252496
Actiu;Serveis;"Restaurants, bars i hotels (Inclòs hostals, pensions i fondes)";431695.37996828;4581862.17159525
Actiu;Serveis;"Restaurants, bars i hotels (Inclòs hostals, pensions i fondes)";431698.807064566;4581868.84228589
Sense activitat Econòmica;Locals buits en venda i lloguer;Grup no definit;431688.098651629;4581791.63460342
Actiu;Serveis;"Restaurants, bars i hotels (Inclòs hostals, pensions i fondes)";431699.666124766;4581817.22070967
Actiu;Serveis;Altres;431715.449319365;4581837.96313241
Sense activitat Econòmica;Locals buits en lloguer;Grup no definit;431713.403574732;4581835.07780259
Sense activitat Econòmica;Locals buits en lloguer;Grup no definit;431710.35495825;4581832.87220276
Actiu;Serveis;"Restaurants, bars i hotels (Inclòs hostals, pensions i fondes)";431708.087070224;4581830.21235691
Sense activitat Econòmica;Locals buits en venda i lloguer;Grup no definit;431724.949414384;4581846.47585284
Actiu;Serveis;"Restaurants, bars i hotels (Inclòs hostals, pensions i fondes)";431719.181193995;4581841.27946155
Actiu;Serveis;"Restaurants, bars i hotels (Inclòs hostals, pensions i fondes)";431649.555623535;4581712.00756476
Actiu;Serveis;"Restaurants, bars i hotels (Inclòs hostals, pensions i fondes)";431654.462741835;4581721.01052308
Actiu;Comerç al detall;Equipament personal;431637.248250592;4581750.66668198
Sense activitat Econòmica;Locals buits en venda i lloguer;Grup no definit;431656.977058229;4581726.01416623
Actiu;Serveis;"Restaurants, bars i hotels (Inclòs hostals, pensions i fondes)";431473.253987439;4581686.97178941
Sense activitat Econòmica;Locals buits en venda i lloguer;Grup no definit;431476.80308644;4581694.64691985
Actiu;Comerç al detall;Equipament personal;431480.131012551;4581702.65911581
Actiu;Serveis;"Restaurants, bars i hotels (Inclòs hostals, pensions i fondes)";431483.40611821;4581705.08609034
Actiu;Comerç al detall;Parament de la llar;431490.359401736;4581705.13203858
Actiu;Serveis;"Restaurants, bars i hotels (Inclòs hostals, pensions i fondes)";431493.297786699;4581731.24664523
Actiu;Comerç al detall;Oci i cultura;431504.672798636;4581736.3898577
Actiu;Serveis;"Restaurants, bars i hotels (Inclòs hostals, pensions i fondes)";431687.599523691;4581786.27697829
Actiu;Serveis;Altres;431693.960514153;4581782.97709493
Actiu;Serveis;Altres;431698.092014938;4581769.19673879
Actiu;Comerç al detall;Equipament personal;431706.796208385;4581764.64603008
Sense activitat Econòmica;Locals buits en venda i lloguer;Grup no definit;431587.286103789;4581590.03802102
Actiu;Altres;Altres;431552.555315432;4581569.92093086
Actiu;Serveis;Altres;431576.204716014;4581592.26540027
Sense activitat Econòmica;Locals buits en venda i lloguer;Grup no definit;431590.800239427;4581594.026842
Sense activitat Econòmica;Locals buits en venda i lloguer;Grup no definit;431580.388533415;4581595.91269845
Sense activitat Econòmica;Locals buits en venda i lloguer;Grup no definit;431583.795816428;4581600.46099706
Actiu;Serveis;"Restaurants, bars i hotels (Inclòs hostals, pensions i fondes)";431597.156796375;4581602.12252419
Actiu;Serveis;Altres;431560.102439054;4581561.5823711
Actiu;Serveis;Equipaments culturals i recreatius;431558.303822216;4581572.99485377
Actiu;Serveis;Altres;431566.992344611;4581566.76815851
Actiu;Serveis;Equipaments culturals i recreatius;431562.387055606;4581577.87206354
Actiu;Altres;Altres;431566.232399174;4581581.29916173
Actiu;Comerç al detall /Engròs;Altres;431569.862895974;4581585.73365157
Actiu;Serveis;Altres;431583.318102478;4581585.49501492
Actiu;Serveis;"Restaurants, bars i hotels (Inclòs hostals, pensions i fondes)";431580.917923495;4581580.7135964
Actiu;Serveis;Altres;431606.874207294;4581609.85118402
Actiu;Comerç al detall;Altres;431631.853414857;4581587.28257577
Actiu;Comerç al detall;Parament de la llar;431603.734782674;4581598.03843392
Sense activitat Econòmica;Locals buits en lloguer;Grup no definit;431612.101239669;4581605.22126942
Actiu;Comerç al detall;Equipament personal;431611.750469527;4581591.81803212
Actiu;Serveis;Altres;431615.321604327;4581601.83926765
Actiu;Comerç al detall;Quotidià alimentari;431616.977601919;4581587.18812057
Sense activitat Econòmica;Locals buits en lloguer;Grup no definit;431619.332042825;4581599.00839458
Sense activitat Econòmica;Locals buits en venda i lloguer;Grup no definit;431625.545597491;4581580.06896733
Actiu;Altres;Altres;431622.311598005;4581581.99873259
Actiu;Comerç al detall;Quotidià alimentari;431589.966090655;4581612.58031888
Actiu;Comerç al detall;Equipament personal;431561.708558724;4581636.64372522
Actiu;Serveis;"Restaurants, bars i hotels (Inclòs hostals, pensions i fondes)";431572.491694981;4581626.59875283
Sense activitat Econòmica;Locals buits en venda i lloguer;Grup no definit;431443.101942025;4581783.33535605
Actiu;Serveis;"Restaurants, bars i hotels (Inclòs hostals, pensions i fondes)";431455.429230324;4581770.59458813
Actiu;Serveis;Sanitat i assistència;431595.128279178;4581838.6511813
Actiu;Comerç al detall;Oci i cultura;431611.674806606;4581845.19809636
Sense activitat Econòmica;Locals buits en venda i lloguer;Grup no definit;431390.370311109;4581757.02202414
Actiu;Comerç al detall;Quotidià alimentari;431805.511139156;4581922.68992288
Actiu;Serveis;Ensenyament;431821.701291305;4581903.32245925
Actiu;Altres;Altres;431835.922646725;4581889.22407995
Actiu;Serveis;Equipaments culturals i recreatius;431773.337213982;4581923.77479033
Sense activitat Econòmica;Locals buits en venda i lloguer;Grup no definit;431751.057837384;4581975.26212692
Actiu;Serveis;Altres;431755.721984713;4581970.41444498
Actiu;Serveis;Equipaments culturals i recreatius;431764.186998408;4581964.30210831
Actiu;Serveis;"Restaurants, bars i hotels (Inclòs hostals, pensions i fondes)";431767.959455534;4581960.02130464
Actiu;Serveis;"Restaurants, bars i hotels (Inclòs hostals, pensions i fondes)";431744.278162198;4581826.96661608
Actiu;Serveis;"Restaurants, bars i hotels (Inclòs hostals, pensions i fondes)";431738.184582562;4581834.84429516
Actiu;Serveis;"Restaurants, bars i hotels (Inclòs hostals, pensions i fondes)";431757.274421895;4581813.77329108
Actiu;Comerç al detall;Quotidià alimentari;431749.936860723;4581820.54551006
Actiu;Comerç al detall;Quotidià alimentari;431664.633224609;4581907.59494707
Actiu;Comerç al detall;Altres;431680.525648913;4581892.36344025
Actiu;Comerç al detall;Quotidià no alimentari;431733.512989731;4581838.91008401
Actiu;Comerç al detall;Quotidià alimentari;431643.235550716;4581993.03586801
Actiu;Comerç al detall;Quotidià alimentari;431649.320462643;4581984.26473917
Actiu;Serveis;"Restaurants, bars i hotels (Inclòs hostals, pensions i fondes)";431653.624994171;4581976.96266033
Actiu;Comerç al detall;Quotidià alimentari;431771.724287653;4581800.11930321
Actiu;Altres;Altres;431656.921420075;4581969.7817879
Actiu;Comerç al detall;Equipament personal;431661.784546927;4581962.25094545
Actiu;Serveis;"Restaurants, bars i hotels (Inclòs hostals, pensions i fondes)";431805.176731088;4581815.66831084
Actiu;Serveis;"Restaurants, bars i hotels (Inclòs hostals, pensions i fondes)";431809.48782855;4581809.03632547
Actiu;Comerç al detall;Equipament personal;431814.382677719;4581804.85679178
Sense activitat Econòmica;Locals buits en venda i lloguer;Grup no definit;431817.808285398;4581799.46211588
Actiu;Altres;Altres;431624.587776273;4581977.6834109
Actiu;Altres;Altres;431631.985531603;4581965.43657263
Actiu;Serveis;Equipaments culturals i recreatius;431649.45322143;4581938.90698994
Sense activitat Econòmica;Locals buits en venda i lloguer;Grup no definit;431653.749350094;4581930.71110291
Actiu;Comerç al detall;Equipament personal;431555.525231205;4581551.90574736
Actiu;Serveis;"Restaurants, bars i hotels (Inclòs hostals, pensions i fondes)";431592.72825228;4581501.27941888
Actiu;Comerç al detall;Equipament personal;431595.81606178;4581507.61851555
Actiu;Comerç al detall;Equipament personal;431599.010720318;4581513.39791089
Sense activitat Econòmica;Locals buits en lloguer;Grup no definit;431600.969778685;4581518.96547065
Actiu;Serveis;"Restaurants, bars i hotels (Inclòs hostals, pensions i fondes)";431603.470491902;4581522.51697522
Sense activitat Econòmica;Locals buits en lloguer;Grup no definit;431606.088686405;4581526.62606577
Actiu;Comerç al detall;Equipament personal;431611.354418042;4581537.97197072
Actiu;Serveis;Altres;431616.366445699;4581546.19216449
Actiu;Serveis;Altres;431621.366865111;4581553.18338874
Sense activitat Econòmica;Locals buits en venda i lloguer;Grup no definit;431622.797191794;4581550.26517148
Actiu;Serveis;Sanitat i assistència;431624.701409997;4581550.02381437
Actiu;Serveis;"Restaurants, bars i hotels (Inclòs hostals, pensions i fondes)";431628.497112436;4581548.20033404
Actiu;Serveis;Altres;431634.187228164;4581556.97272463
Actiu;Serveis;Altres;431638.275687516;4581562.40850976
Actiu;Serveis;"Restaurants, bars i hotels (Inclòs hostals, pensions i fondes)";431641.931524575;4581569.52412715
Sense activitat Econòmica;Locals buits en venda i lloguer;Grup no definit;431601.624509176;4581944.72068234
Sense activitat Econòmica;Locals buits en venda i lloguer;Grup no definit;431596.876325779;4581928.79009085
Actiu;Comerç al detall;Equipament personal;431582.503383715;4581938.64510509
Actiu;Serveis;Altres;431593.472036733;4581936.41889827
Actiu;Serveis;"Restaurants, bars i hotels (Inclòs hostals, pensions i fondes)";431597.31401501;4581939.51073683
Sense activitat Econòmica;Locals buits en venda i lloguer;Grup no definit;431405.40347632;4581757.66166479
Actiu;Comerç al detall;Equipament personal;431411.528371498;4581764.97718622
Actiu;Comerç al detall;Equipament personal;431409.58932084;4581761.53234597
Actiu;Comerç al detall;Equipament personal;431420.387820688;4581776.84730368
Actiu;Comerç al detall;Equipament personal;431416.40614809;4581770.85204439
Actiu;Serveis;Altres;431383.961816695;4581743.45298123
Actiu;Comerç al detall;Equipament personal;431401.334957547;4581754.34868076
Actiu;Comerç al detall;Equipament personal;431396.270986016;4581752.49748547
Actiu;Serveis;"Restaurants, bars i hotels (Inclòs hostals, pensions i fondes)";431524.962967289;4581877.96811493
Actiu;Serveis;"Restaurants, bars i hotels (Inclòs hostals, pensions i fondes)";431680.663334357;4581680.99123945
Sense activitat Econòmica;Locals buits en lloguer;Grup no definit;431734.899154618;4581676.56999394
Actiu;Serveis;"Restaurants, bars i hotels (Inclòs hostals, pensions i fondes)";431736.056752722;4581692.3114368
Actiu;Serveis;"Restaurants, bars i hotels (Inclòs hostals, pensions i fondes)";431746.825896729;4581668.86064711
Actiu;Serveis;"Restaurants, bars i hotels (Inclòs hostals, pensions i fondes)";431743.809926917;4581670.11802763
Actiu;Comerç al detall;Equipament personal;431744.100940619;4581689.1075484
Actiu;Serveis;"Restaurants, bars i hotels (Inclòs hostals, pensions i fondes)";431749.116377905;4581685.82050242
Actiu;Serveis;"Restaurants, bars i hotels (Inclòs hostals, pensions i fondes)";431632.363126449;4581625.13983477
Sense activitat Econòmica;Locals buits en venda i lloguer;Grup no definit;431642.274159317;4581629.62691038
Actiu;Comerç al detall;Quotidià alimentari;431636.488929817;4581622.64307669
Actiu;Comerç al detall;Equipament personal;431654.318362606;4581622.47488633
Actiu;Serveis;"Restaurants, bars i hotels (Inclòs hostals, pensions i fondes)";431640.395753406;4581620.70696988
Sense activitat Econòmica;Locals buits en venda i lloguer;Grup no definit;431644.297226549;4581618.21233271
Sense activitat Econòmica;Locals buits en venda i lloguer;Grup no definit;431648.979535252;4581615.2633326
Actiu;Comerç al detall;Parament de la llar;431652.660977022;4581613.21766417
Actiu;Comerç al detall;Quotidià no alimentari;431627.790931469;4581627.86430711
Actiu;Comerç al detall;Altres;431623.88095231;4581629.46525644
Sense activitat Econòmica;Locals buits en lloguer;Grup no definit;431619.535123566;4581632.41109792
Actiu;Comerç al detall;Altres;431628.999758972;4581637.12564579
Sense activitat Econòmica;Locals buits en venda i lloguer;Grup no definit;431632.905518971;4581635.07785032
Actiu;Serveis;"Restaurants, bars i hotels (Inclòs hostals, pensions i fondes)";431701.419680814;4581729.61700566
Actiu;Comerç al detall;Equipament personal;431668.472315639;4581684.45780312
Actiu;Serveis;Activitats immobiliàries;431673.485233643;4581692.78960971
Actiu;Comerç al detall;Quotidià no alimentari;431707.479548538;4581741.96063083
Actiu;Serveis;"Restaurants, bars i hotels (Inclòs hostals, pensions i fondes)";431714.925054483;4581758.53658857
Actiu;Comerç al detall;Equipament personal;431718.254793857;4581766.77237111
Actiu;Comerç al detall;Equipament personal;431710.230707687;4581772.09873892
Actiu;Serveis;"Restaurants, bars i hotels (Inclòs hostals, pensions i fondes)";431670.75555727;4581676.83938754
Sense activitat Econòmica;Locals buits en lloguer;Grup no definit;431679.349267644;4581684.35534939
Sense activitat Econòmica;Locals buits en venda i lloguer;Grup no definit;431675.331010287;4581698.24634064
Actiu;Comerç al detall;Parament de la llar;431686.449041103;4581699.92906728
Actiu;Comerç al detall;Parament de la llar;431684.843320436;4581696.1458194
Actiu;Comerç al detall;Quotidià alimentari;431695.00127387;4581738.72675232
Actiu;Serveis;"Restaurants, bars i hotels (Inclòs hostals, pensions i fondes)";431697.298678866;4581744.51442546
Actiu;Comerç al detall;Equipament personal;431416.824024185;4581755.76611253
Actiu;Comerç al detall;Equipament personal;431420.59004902;4581750.81491031
Actiu;Comerç al detall;Equipament personal;431423.146863605;4581748.44457184
Actiu;Serveis;Altres;431413.188227085;4581750.77316463
Sense activitat Econòmica;Locals buits en venda i lloguer;Grup no definit;431425.923783548;4581745.62537329
Actiu;Comerç al detall;Equipament personal;431429.818774242;4581742.46040054
Sense activitat Econòmica;Locals buits en lloguer;Grup no definit;431552.748348724;4581910.88538637
Actiu;Comerç al detall;Quotidià alimentari;431574.080090452;4581901.37772811
Actiu;Comerç al detall;Quotidià no alimentari;431557.090900311;4581907.60455791
Sense activitat Econòmica;Locals buits en venda i lloguer;Grup no definit;431579.104549887;4581899.35308711
Actiu;Comerç al detall;Equipament personal;431584.198218521;4581892.49029346
Sense activitat Econòmica;Locals buits en venda i lloguer;Grup no definit;431587.862624903;4581888.65741523
Actiu;Altres;Altres;431609.219804739;4581870.24593205
Sense activitat Econòmica;Locals buits en venda i lloguer;Grup no definit;431616.597249101;4581867.71846691
Sense activitat Econòmica;Locals buits en lloguer;Grup no definit;431617.234219474;4581863.91406685
Sense activitat Econòmica;Locals buits en venda i lloguer;Grup no definit;431620.570724496;4581860.97796731
Actiu;Serveis;Sanitat i assistència;431626.043811335;4581858.24176487
Sense activitat Econòmica;Locals buits en lloguer;Grup no definit;431629.701196319;4581854.07711161
Sense activitat Econòmica;Locals buits en venda i lloguer;Grup no definit;431634.718574529;4581851.0133526
Actiu;Comerç al detall;Equipament personal;431639.59642357;4581847.23444819
Actiu;Comerç al detall;Equipament personal;431628.076503089;4581848.28311048
Actiu;Comerç al detall;Equipament personal;431623.956103184;4581851.33829829
Actiu;Serveis;Equipaments culturals i recreatius;431636.207297318;4581842.39705793
Actiu;Comerç al detall;Equipament personal;431654.144526435;4581829.9388976
Sense activitat Econòmica;Locals buits en lloguer;Grup no definit;431649.116504073;4581831.88557664
Actiu;Serveis;Activitats immobiliàries;431646.347964235;4581835.59838734
Actiu;Comerç al detall;Quotidià alimentari;431662.616998279;4581824.60823597
Actiu;Serveis;Ensenyament;431560.8840142;4581917.39984
Actiu;Serveis;"Restaurants, bars i hotels (Inclòs hostals, pensions i fondes)";431568.566106984;4581911.51794644
Actiu;Serveis;Altres;431684.697663005;4581740.1644446
Actiu;Comerç al detall;Equipament personal;431656.694113948;4581687.66435176
Actiu;Serveis;"Restaurants, bars i hotels (Inclòs hostals, pensions i fondes)";431655.874861579;4581668.60075984
Sense activitat Econòmica;Locals buits en lloguer;Grup no definit;431730.980841465;4582010.52976636
Actiu;Serveis;"Restaurants, bars i hotels (Inclòs hostals, pensions i fondes)";431737.303205343;4582015.05055567
Sense activitat Econòmica;Locals buits en lloguer;Grup no definit;431748.649658323;4582029.13140698
Actiu;Serveis;"Restaurants, bars i hotels (Inclòs hostals, pensions i fondes)";431673.246369297;4581952.87043074
Actiu;Serveis;"Restaurants, bars i hotels (Inclòs hostals, pensions i fondes)";431682.52423259;4581961.60846855
Sense activitat Econòmica;Locals buits en venda i lloguer;Grup no definit;431690.547517582;4581968.12401316
Actiu;Serveis;"Restaurants, bars i hotels (Inclòs hostals, pensions i fondes)";431696.315659824;4581973.3202707
Actiu;Serveis;"Restaurants, bars i hotels (Inclòs hostals, pensions i fondes)";431748.012344785;4581997.18703055
Actiu;Serveis;Altres;431740.214436695;4581990.7809949
Sense activitat Econòmica;Locals buits en lloguer;Grup no definit;431701.422487553;4581979.7516275
Actiu;Serveis;"Restaurants, bars i hotels (Inclòs hostals, pensions i fondes)";431711.480995903;4581988.03545369
Actiu;Serveis;Altres;431758.865082717;4582006.46880009
Actiu;Serveis;Altres;431428.754881576;4581701.13429468
Actiu;Serveis;Equipaments culturals i recreatius;431474.967296565;4581725.83392034
Sense activitat Econòmica;Locals buits en venda i lloguer;Grup no definit;431490.517501362;4581745.57293262
Actiu;Serveis;Altres;431496.764030423;4581753.89273547
Actiu;Serveis;"Restaurants, bars i hotels (Inclòs hostals, pensions i fondes)";431458.683946153;4581699.73395814
Actiu;Serveis;"Restaurants, bars i hotels (Inclòs hostals, pensions i fondes)";431457.348735803;4581712.70592269
Actiu;Comerç al detall;Equipament personal;431466.909655364;4581715.74370963
Actiu;Comerç al detall;Equipament personal;431463.733994517;4581711.97524619
Actiu;Comerç al detall;Equipament personal;431461.795892561;4581720.48435654
Actiu;Comerç al detall;Equipament personal;431466.675769174;4581726.58261697
Sense activitat Econòmica;Locals buits en venda i lloguer;Grup no definit;431755.700838479;4581741.95318992
Actiu;Altres;Altres;431651.112419142;4581496.59480469
Actiu;Comerç al detall;Quotidià alimentari;431532.630816527;4581538.26859398
Actiu;Serveis;"Restaurants, bars i hotels (Inclòs hostals, pensions i fondes)";431453.964679622;4581603.92254662
Actiu;Serveis;Ensenyament;431461.972921775;4581596.91996344
Actiu;Altres;Altres;431429.514878736;4581627.39176351
Actiu;Altres;Altres;431400.854898175;4581656.26348061
Actiu;Serveis;"Restaurants, bars i hotels (Inclòs hostals, pensions i fondes)";431361.721362418;4581727.79956469
Actiu;Serveis;Finances i assegurances;431353.377931499;4581711.23245927
Actiu;Serveis;"Restaurants, bars i hotels (Inclòs hostals, pensions i fondes)";431372.713583851;4581704.34607743
Actiu;Altres;Altres;431564.006900272;4581488.14395274
Actiu;Comerç al detall;Quotidià alimentari;431540.791950456;4581511.82494466
Sense activitat Econòmica;Locals buits en lloguer;Grup no definit;431529.158025633;4581526.79399631
Sense activitat Econòmica;Locals buits en venda i lloguer;Grup no definit;431533.580123214;4581520.04877182
Actiu;Altres;Altres;431505.818515637;4581549.13550659
Actiu;Serveis;Altres;431457.364180855;4581655.05833053
Sense activitat Econòmica;Locals buits en venda i lloguer;Grup no definit;431459.248173358;4581664.53687027
Actiu;Serveis;"Restaurants, bars i hotels (Inclòs hostals, pensions i fondes)";431469.261022434;4581642.95785782
Actiu;Comerç al detall;Equipament personal;431474.21285197;4581657.91550025
Actiu;Comerç al detall;Quotidià alimentari;431743.733222025;4581638.16672257
Sense activitat Econòmica;Locals buits en venda i lloguer;Grup no definit;431801.681200667;4581730.2366997
Actiu;Serveis;"Restaurants, bars i hotels (Inclòs hostals, pensions i fondes)";431802.385571669;4581733.58167817
Actiu;Serveis;Finances i assegurances;431811.247560251;4581745.78731902
Actiu;Serveis;"Restaurants, bars i hotels (Inclòs hostals, pensions i fondes)";431819.108731675;4581758.89616459
Actiu;Serveis;"Restaurants, bars i hotels (Inclòs hostals, pensions i fondes)";431836.043494832;4581782.86792105
Actiu;Comerç al detall;Quotidià no alimentari;431844.339415031;4581794.52034331
Actiu;Serveis;Altres;431847.523244556;4581799.18255803
Actiu;Serveis;"Restaurants, bars i hotels (Inclòs hostals, pensions i fondes)";431855.953396642;4581813.17975613
Actiu;Serveis;"Restaurants, bars i hotels (Inclòs hostals, pensions i fondes)";431861.063424238;4581819.94638716
Actiu;Serveis;"Restaurants, bars i hotels (Inclòs hostals, pensions i fondes)";431752.153235607;4581651.04695653
Actiu;Comerç al detall;Equipament personal;431756.595899378;4581658.37871833
Sense activitat Econòmica;Locals buits en lloguer;Grup no definit;431864.267191065;4581826.73105835
Actiu;Comerç al detall;Quotidià alimentari;431868.602765108;4581834.62225392
Sense activitat Econòmica;Locals buits en venda i lloguer;Grup no definit;431874.146552429;4581839.82087209
Sense activitat Econòmica;Locals buits en venda i lloguer;Grup no definit;431881.670093087;4581852.821041
Sense activitat Econòmica;Locals buits en venda i lloguer;Grup no definit;431888.138137034;4581860.91558866
Actiu;Serveis;"Restaurants, bars i hotels (Inclòs hostals, pensions i fondes)";431892.685392082;4581867.4641428
Actiu;Comerç al detall;Quotidià alimentari;431769.37154173;4581681.27266439
Actiu;Comerç al detall;Altres;431776.319030377;4581692.60262611
Actiu;Comerç al detall;Quotidià no alimentari;431782.564219363;4581700.81109778
Actiu;Serveis;"Restaurants, bars i hotels (Inclòs hostals, pensions i fondes)";431789.651050758;4581715.04436847
Actiu;Serveis;"Restaurants, bars i hotels (Inclòs hostals, pensions i fondes)";431793.744647301;4581721.03877272
Actiu;Serveis;Altres;431726.113951191;4582053.36225823
Actiu;Comerç al detall;Altres;431719.445252667;4582059.68110268
Actiu;Serveis;Altres;431731.431883618;4582046.49756473
Actiu;Serveis;"Restaurants, bars i hotels (Inclòs hostals, pensions i fondes)";431781.866774103;4581995.9744149
Actiu;Serveis;"Restaurants, bars i hotels (Inclòs hostals, pensions i fondes)";431767.740055167;4582008.17265789
Actiu;Serveis;"Restaurants, bars i hotels (Inclòs hostals, pensions i fondes)";431802.701988159;4581971.13888311
Actiu;Comerç al detall;Quotidià alimentari;431821.29932756;4581955.94440276
Actiu;Altres;Altres;431829.404926528;4581947.37769433
Actiu;Serveis;Altres;431838.057488372;4581937.35360076
Actiu;Serveis;Activitats immobiliàries;431849.29121159;4581927.52862792
Actiu;Serveis;Altres;431846.406284598;4581930.79556754
Sense activitat Econòmica;Locals buits en venda i lloguer;Grup no definit;431858.618653228;4581917.72160115
Actiu;Serveis;Altres;431883.943814904;4581891.90046276
Actiu;Serveis;"Restaurants, bars i hotels (Inclòs hostals, pensions i fondes)";431892.702423754;4581881.2050532
Actiu;Serveis;"Restaurants, bars i hotels (Inclòs hostals, pensions i fondes)";431783.651839876;4581947.36154622
Sense activitat Econòmica;Locals buits en venda i lloguer;Grup no definit;431791.338683751;4581953.8802573
Actiu;Serveis;Altres;431798.932678009;4581938.61544516
Actiu;Serveis;Altres;431592.362267248;4581902.02081963
Actiu;Altres;Altres;431596.317106293;4581917.0651202
Actiu;Altres;Altres;431508.742727446;4581716.13024772
Actiu;Comerç al detall;Equipament personal;431499.364708344;4581720.57587104
Actiu;Serveis;Altres;431461.366177319;4581746.18370163
Actiu;Serveis;"Restaurants, bars i hotels (Inclòs hostals, pensions i fondes)";431539.759291278;4581711.14485505
Actiu;Serveis;"Restaurants, bars i hotels (Inclòs hostals, pensions i fondes)";431553.865121443;4581696.71148702
Actiu;Serveis;"Restaurants, bars i hotels (Inclòs hostals, pensions i fondes)";431572.241367392;4581695.08556483
Sense activitat Econòmica;Locals buits en venda i lloguer;Grup no definit;431563.234761897;4581691.37212636
Actiu;Serveis;Altres;431457.604462691;4581739.73967291
Actiu;Altres;Altres;431453.255595127;4581742.35034074
Actiu;Comerç al detall;Equipament personal;431448.691994402;4581745.9685152
Actiu;Comerç al detall;Equipament personal;431475.210419725;4581739.68473306
Actiu;Altres;Altres;431488.275015888;4581733.75185766
Actiu;Comerç al detall;Equipament personal;431501.220116055;4581727.03805272
Sense activitat Econòmica;Locals buits en venda i lloguer;Grup no definit;431505.464277631;4581725.21048733
Actiu;Comerç al detall;Altres;431510.491282801;4581723.1520249
Sense activitat Econòmica;Locals buits en venda i lloguer;Grup no definit;431523.449089595;4581717.77869598
Actiu;Comerç al detall;Quotidià no alimentari;431495.76832866;4581838.36104685
Sense activitat Econòmica;Locals buits en venda i lloguer;Grup no definit;431493.431543617;4581840.28239089
Sense activitat Econòmica;Locals buits en venda i lloguer;Grup no definit;431497.248010951;4581852.53514317
Actiu;Serveis;Equipaments culturals i recreatius;431514.570724197;4581822.54285612
Sense activitat Econòmica;Locals buits en venda i lloguer;Grup no definit;431498.664580292;4581848.1647774
Actiu;Serveis;Equipaments culturals i recreatius;431543.050473365;4581798.36611206
Actiu;Serveis;Equipaments culturals i recreatius;431524.501013925;4581828.42387923
Actiu;Serveis;Ensenyament;431550.612198979;4581791.59156253
Sense activitat Econòmica;Locals buits en venda i lloguer;Grup no definit;431572.067987061;4581771.72646241
Actiu;Serveis;Equipaments culturals i recreatius;431566.055015486;4581776.25202771
Actiu;Comerç al detall;Altres;431559.717287417;4581782.0095267
Sense activitat Econòmica;Locals buits en venda i lloguer;Grup no definit;431586.6465146;4581759.85844081
Actiu;Serveis;"Restaurants, bars i hotels (Inclòs hostals, pensions i fondes)";431580.200850588;4581766.06371796
Sense activitat Econòmica;Locals buits en venda i lloguer;Grup no definit;431570.537884411;4581787.82835476
Sense activitat Econòmica;Locals buits en venda i lloguer;Grup no definit;431576.565617372;4581784.86670886
Actiu;Comerç al detall;Altres;431579.634648101;4581777.3526457
Actiu;Serveis;"Restaurants, bars i hotels (Inclòs hostals, pensions i fondes)";431585.8581632;4581771.3728541
Sense activitat Econòmica;Locals buits en venda i lloguer;Grup no definit;431592.103752065;4581767.73888701
Actiu;Comerç al detall;Quotidià alimentari;431488.456223074;4581859.6564659
Actiu;Comerç al detall;Quotidià no alimentari;431480.738365274;4581849.89833393
Actiu;Serveis;"Restaurants, bars i hotels (Inclòs hostals, pensions i fondes)";431491.766274008;4581853.92763885
Actiu;Comerç al detall;Quotidià alimentari;431613.305955245;4581744.74819771
Actiu;Comerç al detall;Altres;431609.956745284;4581746.34375267
Actiu;Serveis;"Restaurants, bars i hotels (Inclòs hostals, pensions i fondes)";431625.247300326;4581738.60267295
Actiu;Comerç al detall;Equipament personal;431620.557700173;4581740.76945465
Actiu;Serveis;Altres;431606.879934658;4581764.91817735
Actiu;Altres;Altres;431631.483449572;4581733.96324725
Actiu;Comerç al detall;Parament de la llar;431595.572872775;4581755.08188878
Actiu;Comerç al detall;Quotidià alimentari;431591.33187169;4581757.24456586
Actiu;Serveis;"Restaurants, bars i hotels (Inclòs hostals, pensions i fondes)";431601.976739219;4581768.2042652
Sense activitat Econòmica;Locals buits en venda i lloguer;Grup no definit;431599.472148629;4581752.36385693
Actiu;Serveis;"Restaurants, bars i hotels (Inclòs hostals, pensions i fondes)";431614.452212557;4581759.26065252
Actiu;Comerç al detall;Quotidià no alimentari;431602.481817051;4581750.43619678
Sense activitat Econòmica;Locals buits en venda i lloguer;Grup no definit;431619.801890468;4581755.74697099
Actiu;Comerç al detall;Altres;431606.500685919;4581748.49901197
Actiu;Comerç al detall;Equipament personal;431623.25803374;4581753.59171723
Actiu;Serveis;Altres;431521.079125538;4581680.59851518
Sense activitat Econòmica;Locals buits en venda i lloguer;Grup no definit;431692.893189983;4581657.86167749
Actiu;Comerç al detall;Equipament personal;431696.417847132;4581662.96750383
Actiu;Altres;Altres;431696.906910964;4581679.16235448
Actiu;Serveis;"Restaurants, bars i hotels (Inclòs hostals, pensions i fondes)";431699.092207989;4581684.95119582
Actiu;Serveis;"Restaurants, bars i hotels (Inclòs hostals, pensions i fondes)";431701.604398506;4581689.73137401
Actiu;Comerç al detall;Equipament personal;431715.568986181;4581672.17155154
Sense activitat Econòmica;Locals buits en venda i lloguer;Grup no definit;431721.816367819;4581680.60345157
Actiu;Serveis;Finances i assegurances;431687.876142611;4581649.08300826
Actiu;Serveis;Finances i assegurances;431645.204101118;4581583.57019003
Actiu;Serveis;"Restaurants, bars i hotels (Inclòs hostals, pensions i fondes)";431707.12110932;4581644.43282725
Actiu;Serveis;"Restaurants, bars i hotels (Inclòs hostals, pensions i fondes)";431711.45012242;4581639.69986526
Actiu;Comerç al detall /Engròs;Altres;431715.128410013;4581637.31906418
Actiu;Serveis;"Restaurants, bars i hotels (Inclòs hostals, pensions i fondes)";431722.514548606;4581635.68529774
Actiu;Serveis;Finances i assegurances;431733.766487689;4581627.75890084
Actiu;Comerç al detall;Quotidià alimentari;431660.10341508;4581605.66216861
Actiu;Serveis;"Restaurants, bars i hotels (Inclòs hostals, pensions i fondes)";431666.14984154;4581616.55374925
Sense activitat Econòmica;Locals buits en lloguer;Grup no definit;431669.667081129;4581620.87777234
Actiu;Serveis;"Restaurants, bars i hotels (Inclòs hostals, pensions i fondes)";431673.771362399;4581627.98917636
Actiu;Serveis;"Restaurants, bars i hotels (Inclòs hostals, pensions i fondes)";431678.672100967;4581636.32193325
Actiu;Serveis;"Restaurants, bars i hotels (Inclòs hostals, pensions i fondes)";431684.462628035;4581643.86433266
Actiu;Serveis;Altres;431617.583353374;4581568.18980486
Actiu;Comerç al detall;Equipament personal;431621.102752838;4581572.73717357
Actiu;Serveis;"Restaurants, bars i hotels (Inclòs hostals, pensions i fondes)";431737.676439642;4581733.29723021
Sense activitat Econòmica;Locals buits en venda i lloguer;Grup no definit;431745.078852011;4581721.49703322
Sense activitat Econòmica;Locals buits en venda i lloguer;Grup no definit;431762.502232258;4581713.95943481
Actiu;Comerç al detall;Equipament personal;431769.638725144;4581709.64695683
Actiu;Comerç al detall;Altres;431397.3141815;4581696.85131543
Actiu;Comerç al detall;Quotidià alimentari;431405.93682446;4581695.54082208
Actiu;Serveis;"Restaurants, bars i hotels (Inclòs hostals, pensions i fondes)";431416.669918411;4581692.08761287
Actiu;Comerç al detall;Altres;431423.388394493;4581691.01855277
Actiu;Serveis;"Restaurants, bars i hotels (Inclòs hostals, pensions i fondes)";431430.544883443;4581688.82807609
Actiu;Serveis;"Restaurants, bars i hotels (Inclòs hostals, pensions i fondes)";431438.040923714;4581686.96969918
Actiu;Serveis;"Restaurants, bars i hotels (Inclòs hostals, pensions i fondes)";431442.633094516;4581686.36766564
Actiu;Comerç al detall;Equipament personal;431454.264358304;4581683.01770935
Actiu;Comerç al detall;Equipament personal;431460.416855976;4581681.39545462
Sense activitat Econòmica;Locals buits en venda i lloguer;Grup no definit;431465.223856228;4581679.78593122
Actiu;Comerç al detall;Equipament personal;431470.482527479;4581678.50722271
Actiu;Comerç al detall;Equipament personal;431479.993836605;4581676.29463594
Actiu;Serveis;"Restaurants, bars i hotels (Inclòs hostals, pensions i fondes)";431487.71837568;4581674.88092807
Actiu;Serveis;"Restaurants, bars i hotels (Inclòs hostals, pensions i fondes)";431499.668100718;4581669.62889571
Actiu;Comerç al detall;Altres;431505.485382971;4581668.12154317
Actiu;Serveis;"Restaurants, bars i hotels (Inclòs hostals, pensions i fondes)";431509.294721845;4581667.7503411
Actiu;Comerç al detall;Equipament personal;431515.896883896;4581666.23557819
Actiu;Comerç al detall;Quotidià alimentari;431520.599170083;4581665.40905385
Actiu;Comerç al detall;Quotidià alimentari;431526.319030716;4581665.46680518
Actiu;Serveis;"Restaurants, bars i hotels (Inclòs hostals, pensions i fondes)";431531.250846584;4581665.19670198
Actiu;Comerç al detall;Equipament personal;431535.505605706;4581664.48611057
Actiu;Serveis;"Restaurants, bars i hotels (Inclòs hostals, pensions i fondes)";431520.291433176;4581656.58610278
Actiu;Comerç al detall;Equipament personal;431546.050351222;4581664.83337404
Actiu;Serveis;"Restaurants, bars i hotels (Inclòs hostals, pensions i fondes)";431554.015076864;4581665.0933289
Actiu;Comerç al detall;Equipament personal;431450.633856118;4581666.74099815
Actiu;Serveis;"Restaurants, bars i hotels (Inclòs hostals, pensions i fondes)";431445.150929071;4581668.02184263
Actiu;Comerç al detall;Equipament personal;431526.226133342;4581655.63624078
Actiu;Comerç al detall;Equipament personal;431530.822552559;4581655.48111236
Actiu;Comerç al detall;Altres;431561.423312573;4581665.80543728
Actiu;Serveis;"Restaurants, bars i hotels (Inclòs hostals, pensions i fondes)";431539.217848238;4581653.83773316
Sense activitat Econòmica;Locals buits en lloguer;Grup no definit;431534.624593725;4581654.32790964
Actiu;Comerç al detall;Altres;431549.060307945;4581651.06341534
Actiu;Serveis;Ensenyament;431543.800547826;4581652.23027089
Actiu;Comerç al detall;Equipament personal;431555.327172459;4581649.66366181
Actiu;Comerç al detall;Quotidià alimentari;431562.056143277;4581614.07283988
Sense activitat Econòmica;Locals buits en venda i lloguer;Grup no definit;431592.003451822;4581541.03802908
Actiu;Serveis;"Restaurants, bars i hotels (Inclòs hostals, pensions i fondes)";431428.565048313;4581775.87613438
Sense activitat Econòmica;Locals buits en venda i lloguer;Grup no definit;431392.711319347;4581779.23194912
Actiu;Serveis;"Restaurants, bars i hotels (Inclòs hostals, pensions i fondes)";431397.589018623;4581785.10679561
Actiu;Serveis;"Restaurants, bars i hotels (Inclòs hostals, pensions i fondes)";431389.765181853;4581776.01992776
Actiu;Comerç al detall;Equipament personal;431416.656786419;4581785.48487093
Actiu;Comerç al detall;Quotidià no alimentari;431413.381694294;4581783.05803745
Actiu;Serveis;"Restaurants, bars i hotels (Inclòs hostals, pensions i fondes)";431410.657701185;4581779.62062707
Actiu;Comerç al detall;Equipament personal;431406.357546723;4581775.52774958
Sense activitat Econòmica;Locals buits en venda i lloguer;Grup no definit;431395.381304768;4581765.13005233
Sense activitat Econòmica;Locals buits en lloguer;Grup no definit;431404.386721714;4581792.41582985
Actiu;Serveis;Finances i assegurances;431409.133329541;4581796.28109076
Actiu;Comerç al detall;Equipament personal;431442.594002776;4581812.61033647
Actiu;Comerç al detall;Parament de la llar;431438.292828944;4581808.40575578
Actiu;Comerç al detall;Quotidià alimentari;431434.660160165;4581803.7479625
Actiu;Serveis;"Restaurants, bars i hotels (Inclòs hostals, pensions i fondes)";431427.187561683;4581796.22189876
Actiu;Comerç al detall;Equipament personal;431422.213629622;4581792.02369427
Actiu;Comerç al detall;Quotidià alimentari;431413.101246164;4581800.82389267
Sense activitat Econòmica;Locals buits en venda i lloguer;Grup no definit;431423.509393406;4581810.44490878
Sense activitat Econòmica;Locals buits en venda i lloguer;Grup no definit;431464.326155472;4581833.85452564
Actiu;Comerç al detall;Altres;431459.922394494;4581830.65637535
Sense activitat Econòmica;Locals buits en venda i lloguer;Grup no definit;431433.02467432;4581820.52116669
Sense activitat Econòmica;Locals buits en venda i lloguer;Grup no definit;431439.824422434;4581828.05360274
Actiu;Comerç al detall;Altres;431476.794732613;4581847.92479487
Actiu;Serveis;"Restaurants, bars i hotels (Inclòs hostals, pensions i fondes)";431474.187224647;4581844.93303776
Actiu;Comerç al detall;Quotidià alimentari;431447.984591421;4581837.13722968
Actiu;Serveis;"Restaurants, bars i hotels (Inclòs hostals, pensions i fondes)";431459.327660205;4581850.77111822
Actiu;Serveis;"Restaurants, bars i hotels (Inclòs hostals, pensions i fondes)";431470.523699442;4581860.71983005
Actiu;Serveis;Altres;431368.614349667;4581733.32021888
Sense activitat Econòmica;Locals buits en venda i lloguer;Grup no definit;431502.058769105;4581875.05661069
Actiu;Comerç al detall;Altres;431481.168604306;4581871.67913202
Actiu;Comerç al detall;Equipament personal;431488.523666923;4581878.64777733
Actiu;Serveis;"Restaurants, bars i hotels (Inclòs hostals, pensions i fondes)";431511.893325592;4581883.34228374
Actiu;Comerç al detall;Altres;431508.160235495;4581879.91437654
Actiu;Comerç al detall;Altres;431494.301448924;4581884.84925932
Actiu;Serveis;"Restaurants, bars i hotels (Inclòs hostals, pensions i fondes)";431498.942162155;4581889.38574544
Actiu;Comerç al detall;Quotidià alimentari;431516.994046978;4581889.10340537
Actiu;Serveis;"Restaurants, bars i hotels (Inclòs hostals, pensions i fondes)";431504.605693499;4581895.36492655
Actiu;Comerç al detall;Equipament personal;431527.307753365;4581900.62448707
Actiu;Comerç al detall;Quotidià alimentari;431522.321197297;4581895.0856684
Actiu;Comerç al detall;Quotidià alimentari;431510.730372599;4581902.68030874
Sense activitat Econòmica;Locals buits en venda i lloguer;Grup no definit;431532.395865269;4581905.04496046
Actiu;Comerç al detall;Altres;431538.975410957;4581913.02645642
Actiu;Comerç al detall;Altres;431534.559064534;4581908.48782521
Actiu;Serveis;"Restaurants, bars i hotels (Inclòs hostals, pensions i fondes)";431531.902506533;4581924.04145964
Actiu;Comerç al detall;Quotidià alimentari;431543.950248006;4581917.33642453
Sense activitat Econòmica;Locals buits en venda i lloguer;Grup no definit;431542.315595705;4581934.22095573
Actiu;Serveis;Altres;431546.848264733;4581939.20538136
Sense activitat Econòmica;Locals buits en lloguer;Grup no definit;431552.321763994;4581925.07739056
Actiu;Comerç al detall;Quotidià no alimentari;431550.36120148;4581943.08216556
Actiu;Comerç al detall;Altres;431356.584445928;4581741.92484424
Actiu;Comerç al detall;Parament de la llar;431569.556483718;4581945.13517964
Actiu;Comerç al detall;Quotidià alimentari;431566.837899873;4581942.25624491
Actiu;Serveis;Finances i assegurances;431559.819424686;4581935.28445402
Actiu;Serveis;"Restaurants, bars i hotels (Inclòs hostals, pensions i fondes)";431556.764470082;4581932.40870033
Actiu;Serveis;"Restaurants, bars i hotels (Inclòs hostals, pensions i fondes)";431553.863582726;4581945.84199527
Actiu;Comerç al detall;Quotidià no alimentari;431580.991233917;4581956.64563632
Actiu;Comerç al detall;Altres;431576.911386012;4581952.10380252
Sense activitat Econòmica;Locals buits en venda i lloguer;Grup no definit;431557.161769268;4581950.72639479
Actiu;Comerç al detall;Altres;431560.668364129;4581953.93296581
Actiu;Altres;Altres;431565.989101332;4581959.24504243
Sense activitat Econòmica;Locals buits en venda i lloguer;Grup no definit;431616.354514271;4581984.57580959
Actiu;Comerç al detall /Engròs;Altres;431612.173044141;4581981.15208244
Actiu;Comerç al detall;Oci i cultura;431591.155063995;4581987.94169608
Actiu;Altres;Altres;431598.25921374;4581992.11979029
Actiu;Serveis;"Restaurants, bars i hotels (Inclòs hostals, pensions i fondes)";431646.253410829;4582013.36376702
Actiu;Serveis;"Restaurants, bars i hotels (Inclòs hostals, pensions i fondes)";431635.570665715;4582005.48806481
Actiu;Serveis;Activitats immobiliàries;431600.867755387;4581995.22316417
Actiu;Comerç al detall;Parament de la llar;431666.278548009;4582034.48808283
Actiu;Serveis;"Restaurants, bars i hotels (Inclòs hostals, pensions i fondes)";431657.796213227;4582026.85972895
Actiu;Serveis;"Restaurants, bars i hotels (Inclòs hostals, pensions i fondes)";431627.667434104;4582030.71899048
Sense activitat Econòmica;Locals buits en venda i lloguer;Grup no definit;431639.786350602;4582043.45171933
Actiu;Comerç al detall;Quotidià no alimentari;431680.101467198;4582049.55094491
Actiu;Serveis;Altres;431672.844132799;4582041.01724484
Actiu;Comerç al detall;Quotidià alimentari;431647.377971551;4582051.75873338
Sense activitat Econòmica;Locals buits en lloguer;Grup no definit;431690.448423387;4582062.18477421
Actiu;Altres;Altres;431683.289507364;4582054.65960531
Sense activitat Econòmica;Locals buits en venda i lloguer;Grup no definit;431655.531306752;4582060.17203977
Actiu;Serveis;"Restaurants, bars i hotels (Inclòs hostals, pensions i fondes)";431671.954170121;4582077.44447226
Actiu;Comerç al detall;Parament de la llar;431374.401955003;4581740.52709913
Actiu;Comerç al detall;Quotidià no alimentari;431381.045311366;4581767.05335917
Actiu;Altres;Altres;431384.613411752;4581753.05464755
Actiu;Serveis;"Restaurants, bars i hotels (Inclòs hostals, pensions i fondes)";431386.815870051;4581772.47296513
Actiu;Serveis;"Restaurants, bars i hotels (Inclòs hostals, pensions i fondes)";431614.042378422;4581941.58704794
Actiu;Altres;Altres;431614.440227967;4581971.8583768
Sense activitat Econòmica;Locals buits en venda i lloguer;Grup no definit;431620.979019978;4581928.00399628
Actiu;Serveis;Altres;431624.355854405;4581953.10815493
Sense activitat Econòmica;Locals buits en venda i lloguer;Grup no definit;431624.199158013;4581924.62210688
Actiu;Altres;Altres;431626.559432955;4581948.95388753
Actiu;Serveis;"Restaurants, bars i hotels (Inclòs hostals, pensions i fondes)";431636.633761946;4581899.48032909
Actiu;Altres;Altres;431644.135311695;4581886.33875
Actiu;Serveis;Equipaments culturals i recreatius;431632.964914565;4581938.50385986
Sense activitat Econòmica;Locals buits en venda i lloguer;Grup no definit;431647.070114715;4581876.4800648
Actiu;Comerç al detall;Equipament personal;431644.423199465;4581881.1970905
Actiu;Altres;Altres;431651.303683929;4581873.53540577
Sense activitat Econòmica;Locals buits en venda i lloguer;Grup no definit;431654.391718167;4581868.03213871
Actiu;Altres;Altres;431635.818124625;4581931.88574366
Actiu;Serveis;Equipaments culturals i recreatius;431636.776706631;4581926.51436609
Actiu;Serveis;Altres;431659.339557437;4581857.59577681
Actiu;Serveis;"Restaurants, bars i hotels (Inclòs hostals, pensions i fondes)";431663.094101109;4581851.41594976
Sense activitat Econòmica;Locals buits en venda i lloguer;Grup no definit;431648.823900533;4581907.85576433
Actiu;Comerç al detall;Equipament personal;431669.726075694;4581841.18710085
Actiu;Comerç al detall;Equipament personal;431666.282688083;4581844.68287925
Actiu;Serveis;"Restaurants, bars i hotels (Inclòs hostals, pensions i fondes)";431655.223129985;4581896.73553981
Actiu;Serveis;"Restaurants, bars i hotels (Inclòs hostals, pensions i fondes)";431692.896622594;4581800.97369898
Actiu;Comerç al detall;Parament de la llar;431658.416956727;4581890.56099855
Actiu;Comerç al detall;Equipament personal;431699.983581274;4581791.4108687
Actiu;Comerç al detall;Equipament personal;431662.267799628;4581882.70451244
Actiu;Comerç al detall;Equipament personal;431702.077236902;4581787.4810523
Sense activitat Econòmica;Locals buits en venda i lloguer;Grup no definit;431667.233632307;4581874.16712441
Actiu;Serveis;"Restaurants, bars i hotels (Inclòs hostals, pensions i fondes)";431711.988530275;4581780.12594514
Sense activitat Econòmica;Locals buits en venda i lloguer;Grup no definit;431705.295370069;4581783.87572091
Actiu;Comerç al detall;Equipament personal;431723.118549214;4581771.19531328
Actiu;Comerç al detall;Equipament personal;431728.027140993;4581768.46772962
Actiu;Serveis;"Restaurants, bars i hotels (Inclòs hostals, pensions i fondes)";431676.93890123;4581856.87132771
Actiu;Comerç al detall;Quotidià no alimentari;431731.69913717;4581765.41682811
Actiu;Comerç al detall;Equipament personal;431749.086538289;4581754.08114713
Sense activitat Econòmica;Locals buits en venda i lloguer;Grup no definit;431756.884236268;4581748.53345594
Sense activitat Econòmica;Locals buits en venda i lloguer;Grup no definit;431766.889962329;4581739.2782888
Actiu;Serveis;"Restaurants, bars i hotels (Inclòs hostals, pensions i fondes)";431701.183363367;4581811.62057702
Actiu;Serveis;"Restaurants, bars i hotels (Inclòs hostals, pensions i fondes)";431774.360783977;4581734.73916672
Actiu;Comerç al detall;Equipament personal;431704.135122336;4581803.54909115
Actiu;Comerç al detall;Equipament personal;431707.325873759;4581797.03929786
Actiu;Altres;Altres;431785.289837404;4581728.26835757
Sense activitat Econòmica;Locals buits en venda i lloguer;Grup no definit;431714.002178632;4581791.502239
Actiu;Serveis;Finances i assegurances;431595.567765827;4581968.34983651
Sense activitat Econòmica;Locals buits en venda i lloguer;Grup no definit;431694.418732677;4581879.16153985
Actiu;Serveis;"Restaurants, bars i hotels (Inclòs hostals, pensions i fondes)";431728.60413054;4581782.09200674
Actiu;Serveis;"Restaurants, bars i hotels (Inclòs hostals, pensions i fondes)";431736.393362806;4581775.65059485
Actiu;Comerç al detall;Equipament personal;431746.524745537;4581767.84668512
Actiu;Comerç al detall;Equipament personal;431752.209880444;4581764.21813719
Actiu;Comerç al detall;Equipament personal;431756.198361243;4581760.67607637
Actiu;Serveis;"Restaurants, bars i hotels (Inclòs hostals, pensions i fondes)";431698.760229591;4581875.76911376
Actiu;Comerç al detall;Equipament personal;431761.583697312;4581759.32588284
Actiu;Comerç al detall;Equipament personal;431832.735033836;4581860.31945221
Actiu;Comerç al detall;Equipament personal;431827.638669426;4581855.00496112
Actiu;Comerç al detall;Equipament personal;431745.179542291;4581803.60911121
Actiu;Serveis;Altres;431836.899650917;4581861.95602071
Sense activitat Econòmica;Locals buits en venda i lloguer;Grup no definit;431852.065973734;4581876.78340127
Actiu;Altres;Altres;431846.630116444;4581871.13689622
Actiu;Comerç al detall;Equipament personal;431861.465204051;4581886.52599441
Actiu;Serveis;"Restaurants, bars i hotels (Inclòs hostals, pensions i fondes)";431868.265572202;4581894.17051084
Actiu;Serveis;Sanitat i assistència;431798.868293385;4581824.55331978
Sense activitat Econòmica;Locals buits en venda i lloguer;Grup no definit;431845.315579153;4581898.29643442
Actiu;Serveis;Altres;431815.625596131;4581841.60020488
Actiu;Comerç al detall;Equipament personal;431811.551007317;4581837.61666399
Actiu;Serveis;"Restaurants, bars i hotels (Inclòs hostals, pensions i fondes)";431854.504291209;4581909.49335868
Actiu;Comerç al detall;Equipament personal;431824.793402563;4581850.56295811
Actiu;Comerç al detall;Equipament personal;431820.040751347;4581846.02732079
Actiu;Altres;Altres;431510.487257966;4581710.86289721
Sense activitat Econòmica;Locals buits en venda i lloguer;Grup no definit;431514.853907896;4581721.99362313
Sense activitat Econòmica;Locals buits en lloguer;Grup no definit;431516.360174974;4581727.11844181
Actiu;Comerç al detall;Equipament personal;431526.725003089;4581732.15954196
Actiu;Serveis;"Restaurants, bars i hotels (Inclòs hostals, pensions i fondes)";431627.387388771;4581894.09355042
Actiu;Serveis;"Restaurants, bars i hotels (Inclòs hostals, pensions i fondes)";431579.029912431;4581725.18572866
Actiu;Altres;Altres;431589.695854108;4581738.37954457
Sense activitat Econòmica;Locals buits en lloguer;Grup no definit;431644.270048777;4581698.53929329
Actiu;Comerç al detall;Altres;431614.402905951;4581645.1896965
Actiu;Comerç al detall;Quotidià alimentari;431620.630399185;4581653.40408434
Actiu;Comerç al detall;Equipament personal;431625.909479505;4581659.3260333
Actiu;Altres;Altres;431588.68797664;4581655.38144968
Actiu;Comerç al detall;Equipament personal;431609.605790552;4581637.86724865
Actiu;Serveis;"Restaurants, bars i hotels (Inclòs hostals, pensions i fondes)";431603.121336901;4581628.09712511
Actiu;Serveis;"Restaurants, bars i hotels (Inclòs hostals, pensions i fondes)";431589.999508443;4581627.99760707
Actiu;Comerç al detall;Equipament personal;431579.191033421;4581635.361349
Actiu;Serveis;"Restaurants, bars i hotels (Inclòs hostals, pensions i fondes)";431574.09507392;4581642.00099441
Sense activitat Econòmica;Locals buits en venda i lloguer;Grup no definit;431569.990403254;4581646.73214382
Actiu;Altres;Altres;431613.26053703;4581811.22091371
Actiu;Serveis;Altres;431630.999827984;4581801.55748161
Sense activitat Econòmica;Locals buits en venda i lloguer;Grup no definit;431566.067201693;4581670.67724225
Actiu;Comerç al detall;Quotidià alimentari;431582.87498513;4581692.97420909
Actiu;Serveis;"Restaurants, bars i hotels (Inclòs hostals, pensions i fondes)";431586.634502022;4581699.1950434
Sense activitat Econòmica;Locals buits en venda i lloguer;Grup no definit;431588.91091264;4581702.74854954
Sense activitat Econòmica;Locals buits en venda i lloguer;Grup no definit;431590.841455458;4581705.29984983
Actiu;Comerç al detall;Quotidià no alimentari;431592.105493502;4581708.52772058
Actiu;Serveis;"Restaurants, bars i hotels (Inclòs hostals, pensions i fondes)";431594.270829549;4581712.19408244
Actiu;Comerç al detall;Quotidià alimentari;431598.499914969;4581720.64482229
Actiu;Serveis;Altres;431605.082712352;4581728.96165258
Actiu;Serveis;Altres;431608.839999262;4581734.95901912
Sense activitat Econòmica;Locals buits en lloguer;Grup no definit;431568.79538026;4581674.56166997
Sense activitat Econòmica;Locals buits en lloguer;Grup no definit;431571.063367273;4581677.22147279
Actiu;Serveis;"Restaurants, bars i hotels (Inclòs hostals, pensions i fondes)";431575.044959114;4581683.21681526
Sense activitat Econòmica;Locals buits en venda i lloguer;Grup no definit;431580.042163794;4581689.87284741
Sense activitat Econòmica;Locals buits en lloguer;Grup no definit;431619.302676377;4581916.73645655
Actiu;Comerç al detall;Quotidià alimentari;431628.868911848;4581908.49092958
Actiu;Serveis;Altres;431624.974982006;4581911.76748069
Actiu;Serveis;"Restaurants, bars i hotels (Inclòs hostals, pensions i fondes)";431720.790282766;4581702.62190958
Actiu;Serveis;Altres;431610.115983034;4581561.22186582
Actiu;Serveis;"Restaurants, bars i hotels (Inclòs hostals, pensions i fondes)";431519.271557354;4581607.99722547
Actiu;Serveis;"Restaurants, bars i hotels (Inclòs hostals, pensions i fondes)";431528.344444965;4581597.15462454
Actiu;Altres;Altres;431541.302253323;4581589.57864425
Actiu;Comerç al detall;Equipament personal;431683.40045006;4581721.51971334
Sense activitat Econòmica;Locals buits en venda i lloguer;Grup no definit;431692.793814664;4581706.79585908
Actiu;Serveis;Altres;431693.6212384;4581715.50688333
Sense activitat Econòmica;Locals buits en venda i lloguer;Grup no definit;431699.483555775;4581712.54101725
Actiu;Serveis;"Restaurants, bars i hotels (Inclòs hostals, pensions i fondes)";431703.933939306;4581710.82454122
Actiu;Comerç al detall;Equipament personal;431707.945485953;4581708.10540008
Actiu;Comerç al detall;Equipament personal;431706.302926449;4581700.41219208
Sense activitat Econòmica;Locals buits en venda i lloguer;Grup no definit;431669.921862186;4581731.14282954
Sense activitat Econòmica;Locals buits en venda i lloguer;Grup no definit;431669.924428601;4581719.52403374
Sense activitat Econòmica;Locals buits en lloguer;Grup no definit;431672.930504537;4581729.10351458
Sense activitat Econòmica;Locals buits en venda i lloguer;Grup no definit;431677.057314183;4581726.71846312
Actiu;Serveis;"Restaurants, bars i hotels (Inclòs hostals, pensions i fondes)";431677.172016678;4581715.0986103
Actiu;Serveis;"Restaurants, bars i hotels (Inclòs hostals, pensions i fondes)";431681.076216486;4581724.78143115
Actiu;Serveis;Altres;431432.85377337;4581743.21365216
Actiu;Altres;Altres;431437.497785287;4581748.08526397
Actiu;Serveis;"Restaurants, bars i hotels (Inclòs hostals, pensions i fondes)";431442.150164373;4581753.85068844
Actiu;Serveis;Altres;431411.948549501;4581714.58800131
Sense activitat Econòmica;Locals buits en lloguer;Grup no definit;431400.726824645;4581701.95817392
Actiu;Serveis;Altres;431419.978696281;4581721.77369
Actiu;Serveis;"Restaurants, bars i hotels (Inclòs hostals, pensions i fondes)";431404.157415067;4581720.80628404
Actiu;Comerç al detall;Equipament personal;431431.528356263;4581733.50666498
Actiu;Comerç al detall;Equipament personal;431441.702727982;4581742.1244476
Actiu;Serveis;"Restaurants, bars i hotels (Inclòs hostals, pensions i fondes)";431436.163834861;4581737.48457883
Sense activitat Econòmica;Locals buits en venda i lloguer;Grup no definit;431480.17402281;4581647.9159898
Actiu;Serveis;"Restaurants, bars i hotels (Inclòs hostals, pensions i fondes)";431487.204714015;4581644.27439915
Actiu;Serveis;Altres;431558.956797637;4581867.70412377
